Unnamed: 0,Cód Cliente,Cliente,Fat/dia Jan-Mar 2026,Fat/dia Atual,Fat/dia Projetado,Δ vs Jan-Mar 2026 %,MC/dia Jan-Mar 2026,MC/dia Atual,MC/dia Projetada,Δ MC R$/dia,Δ MC %
31,I7267,TNET AUTO PECAS LTDA,780.1899999999999,0.0,0.0,-100.0,104.26,0.0,0.0,-104.26,
21,I2933,ANA CRISTINA DE OLIVEIRA,512.15,66.86,66.86,-86.94523088938787,71.54,6.76,6.760000000000002,-64.78,2.6277468038465244e-14
8,27408,KADOSH CENTRO AUTOMOTIVO LTDA,769.68,99.46,99.46,-87.07774659598795,73.3,10.85,10.85,-62.45,1.6371952436868673e-14
12,I1520,IOBERTO ALVES DOS SANTOS JUNIOR LTDA,441.05,75.04,75.04,-82.98605600272077,50.08,15.51,15.51,-34.57,0.0
29,I6087,KD AUTO PECAS LTDA,450.15,296.74,296.74,-34.07975119404642,61.85,32.46,32.46,-29.39,0.0
15,I1891,SMM PECAS E SERVICOS LTDA,476.77,198.61,198.61,-58.34259705937873,49.88,22.56,22.56,-27.320000000000004,-1.5747844320924203e-14
23,I2952,AUTO CARS EXPRESS CENTRO AUTOMOTIVO LTDA,553.14,379.15,379.15,-31.454966193007195,74.84,51.45,51.45,-23.39,1.3810354436542278e-14
5,24237,PACOTAO DAS PECAS LTDA,544.88,415.93,415.93,-23.66576126853619,75.81,52.43,52.43,-23.380000000000003,0.0
16,I1937,OPEN AUTO CENTER LTDA,168.34,0.0,0.0,-100.0,19.52,0.0,0.0,-19.52,
